{
  "n_states": 2,
  "bear_state": 0,
  "bull_state": 1,
  "feature_names": [
    "oil_return",
    "slope",
    "vol_20d",
    "return_20d"
  ],
  "means": [
    [
      -0.0021974847942199545,
      -0.016937123086325754,
      0.03252287322315629,
      -0.05507195968845138
    ],
    [
      0.0009709220417100677,
      0.016849153105255064,
      0.017034865984607298,
      0.02465929587994786
    ]
  ],
  "covars": [
    [
      [
        0.0012702292345853346,
        6.988902505056524e-05,
        2.3939269917215202e-05,
        0.001242872115839416
      ],
      [
        6.988902505056528e-05,
        0.0212173382856867,
        0.0002642529871193373,
        0.003322278471887995
      ],
      [
        2.3939269917215178e-05,
        0.0002642529871193373,
        0.0001828091609615529,
        -4.567807696672346e-06
      ],
      [
        0.001242872115839416,
        0.003322278471887994,
        -4.567807696672346e-06,
        0.019548369218084345
      ]
    ],
    [
      [
        0.000297142790048804,
        -8.655265972092095e-05,
        6.74809868798807e-06,
        0.0002402218711016533
      ],
      [
        -8.655265972092095e-05,
        0.005927448697244241,
        8.076304574317532e-05,
        -0.0013627317020376668
      ],
      [
        6.748098687988074e-06,
        8.076304574317548e-05,
        2.4490665891124922e-05,
        1.7971859771277798e-05
      ],
      [
        0.00024022187110165326,
        -0.0013627317020376668,
        1.7971859771277798e-05,
        0.004867851704344595
      ]
    ]
  ],
  "transmat": [
    [
      0.9801364567885308,
      0.01986354321146913
    ],
    [
      0.008202813787104529,
      0.9917971862128954
    ]
  ],
  "startprob": [
    2.2783890306695834e-11,
    0.999999999977216
  ]
}