{
  "n_regimes": 2,
  "regime_means": [
    -2.0119945366087477e-05,
    -1.1947579735888448e-05
  ],
  "regime_stds": [
    0.018265166379575686,
    0.03138592617742863
  ],
  "thresholds": [
    0.924431792286745
  ]
}